{
  "mascotas": [
    {
      "id": "1",
      "nombre": "Prince",
      "color": "cobrizo",
      "tipo": "Perro"
    },
    {
      "id": "2",
      "nombre": "León",
      "color": "Blanco",
      "tipo": "Perro"
    },
    {
      "id": "5c47",
      "nombre": "Lulu",
      "color": "Negro",
      "tipo": "Perro"
    },
    {
      "id": "49f3",
      "nombre": "Lulucita",
      "color": "Cafe",
      "tipo": "Perro"
    },
    {
      "id": "7b9f",
      "nombre": "Harry",
      "color": "Blanco",
      "tipo": "Perro"
    }
  ],
  "usuarios": [
    {
      "id":1,
      "username":"usuario1",
      "password": "duoc1234",
      "email":"usuario1@mail.cl",
      "isactive":true
    },
    {
      "id":2,
      "username":"usuario2",
      "password": "maipu1234",
      "email":"usuario2@mail.cl",
      "isactive":true
    }

  ]
}